Cluster Name,Post Count,Priority,Hub Post Exists,Hub Post Slug,Status,Phase,Notes
DHM Safety & Science,46,CRITICAL,Yes,ultimate-dhm-safety-guide-hub-2025,Needs Update,2,Update hub with links to all 46 posts
Hangover Science & Recovery,43,CRITICAL,Yes,complete-hangover-science-hub-2025,Needs Update,2,Core business value - highest conversion
DHM Product Reviews,14,HIGH,Yes,dhm-supplements-comparison-center-2025,Needs Update,2,Direct commercial intent
DHM Usage & Timing,8,HIGH,No,CREATE_NEW,Not Started,1,CRITICAL for customer success
Liver Health & Protection,24,HIGH,Yes,liver-health-complete-guide-optimal-liver-function-protection-2025,Needs Update,2,Medical authority building
Brain Health & Cognition,21,MEDIUM-HIGH,No,CREATE_NEW,Not Started,1,Wellness-minded professionals
Athletic Performance & Fitness,40,MEDIUM-HIGH,No,CREATE_NEW,Not Started,1,Growing wellness audience
Sleep & Circadian Health,20,MEDIUM,Yes,sleep-optimization-social-drinkers-circadian-rhythm,Needs Update,2,Wellness trend alignment
Professional & Career,29,MEDIUM-HIGH,No,CREATE_NEW,Not Started,1,High-value audience
College & Student Life,16,MEDIUM,No,CREATE_NEW,Not Started,1,Large audience + viral potential
Travel & Events,18,MEDIUM,No,CREATE_NEW,Not Started,1,Seasonal/event-driven
Cultural Drinking Guides,9,LOW-MEDIUM,No,CREATE_NEW,Not Started,1,SEO diversity + cultural authority
Health Conditions & Alcohol,22,MEDIUM,No,CREATE_NEW,Not Started,1,Medical credibility building
Metabolism & Diet,18,MEDIUM,No,CREATE_NEW,Not Started,1,Biohacker/wellness trend
Asian Flush,4,MEDIUM,Yes,complete-guide-asian-flush-comprehensive,Needs Update,2,Specialized high-intent audience
Alternative Drinks & Wellness,12,MEDIUM,No,CREATE_NEW,Not Started,1,Emerging sober curious trend
Specific Professions,10,LOW-MEDIUM,No,CREATE_NEW,Not Started,1,Niche but high-value
Monitoring & Testing Technology,7,LOW-MEDIUM,Yes,wearable-technology-and-alcohol-2025-guide-to-smart-health-monitoring,Needs Update,2,Emerging tech niche
