Top queries,Clicks,Impressions,CTR,Position
how much dhm to take,9,26,34.62%,3.42
dhm before or after drinking,2,22,9.09%,6.64
dhm dosage,2,21,9.52%,8.1
dhm depot,2,15,13.33%,8.8
how much dhm for hangover,2,11,18.18%,2.64
how much dihydromyricetin should i take,2,10,20%,3.1
can you take dhm daily,1,43,2.33%,5.63
dihydromyricetin dosage,1,29,3.45%,19
flyby alcohol,1,18,5.56%,9.11
dhm supplement dosage,1,17,5.88%,6.82
no days wasted review,1,17,5.88%,11.53
eddie huai,1,15,6.67%,10.33
dhm dose,1,6,16.67%,4
dhm1000,1,5,20%,13
how much dhm to take for hangover,1,2,50%,5
best dhm supplement,0,95,0%,7.13
fuller health after party,0,50,0%,9
when to take dhm,0,42,0%,8.93
flyby hangover pills,0,41,0%,12.29
toniiq ease,0,39,0%,8.9
dihydromyricetin before or after drinking,0,39,0%,9.26
no days wasted side effects,0,30,0%,9.67
dhm1000 benefits,0,29,0%,9.07
dihydromyricetin human trial hangover randomized,0,29,0%,9.59
flyby hangover,0,28,0%,12.32
ease by toniiq,0,22,0%,8.73
when to take dhm for hangover,0,21,0%,5.9
dhm dosage for hangover,0,20,0%,8.05
toniq ease,0,20,0%,9.55
dihydromyricetin human trial hangover randomized double blind,0,20,0%,11.35
ease toniq,0,19,0%,9.21
best hangover prevention supplements 2025,0,17,0%,9.47
dihydromyricetin hangover randomized controlled trial,0,16,0%,10.31
how long does a hangover last,0,15,0%,85.47
flyby recovery hangover supplement,0,13,0%,8.85
flyby supplement,0,12,0%,6.08
after party fuller health,0,12,0%,8.67
dihydromyricetin dosage for weight loss,0,12,0%,9.5
is nusapure a good brand,0,12,0%,26.25
how long do hangovers last,0,12,0%,81.33
asian flush,0,12,0%,92.25
dhm 1000,0,9,0%,18.89
how long does hangover last,0,9,0%,85.89
dihydromyricetin human clinical trial hangover randomized,0,8,0%,9
double wood supplements dhm 1000 reviews,0,7,0%,7
dihydromyricetin hangover human trial randomized,0,7,0%,8
dihydromyricetin hangover evidence randomized trial,0,7,0%,9.43
dihydromyricetin randomized controlled trial human hangover,0,7,0%,9.86
no days wasted,0,7,0%,39.14
how long can a hangover last,0,7,0%,90.29
flyby pill,0,6,0%,8.83
dhm after drinking,0,6,0%,10.33
does no days wasted work,0,6,0%,11.67
nusapure reviews,0,6,0%,18.17
flyby hangover review,0,5,0%,7.2
dihydromyricetin clinical trial hangover randomized,0,5,0%,8
dhm1000 side effects,0,5,0%,10.4
zbiotics australia,0,5,0%,12.2
dhm for hangovers,0,5,0%,60.8
hangover dhm,0,5,0%,67.6
dihydromyricetin randomized controlled trial hangover 2024,0,4,0%,2.75
dihydromyricetin randomized clinical trial hangover human,0,4,0%,6.5
best dihydromyricetin supplement,0,4,0%,7.25
effective hangover prevention pills 2025,0,4,0%,11
activate dhm,0,4,0%,15
zbiotics uk,0,4,0%,15.25
no days wasted pills,0,4,0%,30
dhm supplement,0,4,0%,43.75
no days wasted dhm detox,0,4,0%,43.75
dhm hangover,0,4,0%,54.25
hangover timeline,0,4,0%,76
dihydromyricetin human randomized controlled trial hangover,0,3,0%,8
dhm1000 supplement,0,3,0%,9
dhm supplement reviews,0,3,0%,9.33
best hangover pills 2025,0,3,0%,9.67
dihydromyricetin hangover randomized controlled trial humans,0,3,0%,9.67
double wood dhm,0,3,0%,10
dihydromyricetin human randomized trial hangover,0,3,0%,10.67
double wood supplements dhm liver support supplement reviews,0,3,0%,10.67
no wasted days review,0,3,0%,11.67
dhm detox reviews,0,3,0%,17
zbiotics canada,0,3,0%,18
italy drinking,0,3,0%,34.67
is dhm safe,0,3,0%,49.67
dhm detox,0,3,0%,51.67
dihydromyricetin,0,3,0%,54.33
drinking in italy,0,3,0%,56
dhm liver supplement,0,3,0%,61.67
how does dhm work,0,3,0%,68.67
after party mikhaila peterson,0,2,0%,5.5
dihydromyricetin randomized controlled trial hangover human study,0,2,0%,7.5
dihydromyricetin human trial hangover randomized controlled,0,2,0%,9.5
effective hangover prevention supplements 2025,0,2,0%,9.5
dihydromyricetin hangover randomized trial,0,2,0%,10
dihydromyricetin hangover clinical trial 2023,0,2,0%,10.5
dihydromyricetin hangover clinical trial randomized,0,2,0%,10.5
double wood supplements double wood dihydromyricetin reviews,0,2,0%,10.5
dihydromyricetin randomized controlled trial hangover,0,2,0%,11
flyby pills,0,2,0%,11
dihydromyricetin randomized controlled trial hangover humans,0,2,0%,11.5
no days wasted reviews,0,2,0%,11.5
dihydromyricetin randomized double blind human trial hangover,0,2,0%,12
italy drinking culture,0,2,0%,13.5
drinking culture in italy,0,2,0%,14.5
nac asian flush,0,2,0%,16.5
flyby recovery,0,2,0%,19.5
alcohol kills good bacteria,0,2,0%,42
dhm side effects,0,2,0%,45
dhm meaning,0,2,0%,49.5
good morning hangover,0,2,0%,50.5
italy alcohol,0,2,0%,57.5
dhm hangover pills,0,2,0%,64.5
dhm blend,0,2,0%,73.5
alcohol italy,0,2,0%,77
how long do a hangover last,0,2,0%,79
how long do hangover last,0,2,0%,80
hangover duration,0,2,0%,83
asian flush prevention,0,2,0%,86
what is asian flush,0,2,0%,88
asian flush syndrome in caucasian,0,2,0%,93.5
hangover how long,0,2,0%,94
asian alcohol flush,0,2,0%,99.5
no days wasted vs cheers,0,1,0%,3
dihydromyricetin when to take,0,1,0%,5
2024 randomized controlled trial dihydromyricetin hangover,0,1,0%,6
dihydromyricetin human study hangover randomized controlled trial,0,1,0%,7
flyby recovery supplement,0,1,0%,7
dihydromyricetin human randomized hangover trial,0,1,0%,8
dihydromyricetin human trial hangover randomized double-blind,0,1,0%,8
dihydromyricetin hangover human study randomized,0,1,0%,9
good health co good morning hangover pills reviews,0,1,0%,9
no days wasted dosage,0,1,0%,9
afterparty supplement,0,1,0%,10
dihydromyricetin human clinical trial alcohol hangover randomized,0,1,0%,10
dihydromyricetin human clinical trial hangover randomized double blind,0,1,0%,10
dihydromyricetin human study hangover randomized trial,0,1,0%,10
dihydromyricetin human trial alcohol hangover randomized,0,1,0%,10
toniiq amazon,0,1,0%,10
dhm detox review,0,1,0%,11
dihydromyricetin (dhm),0,1,0%,11
dihydromyricetin capsules hangover supplement reviews,0,1,0%,11
dihydromyricetin hangover human randomized trial,0,1,0%,11
dihydromyricetin human trial hangover randomized controlled trial,0,1,0%,11
zbiotics competitors,0,1,0%,11
dhm latest,0,1,0%,12
dhm with nac,0,1,0%,12
double wood supplements dhm 1000 product info and reviews,0,1,0%,12
dihydromyricetin human clinical trial hangover randomized placebo,0,1,0%,13
bulk dhm,0,1,0%,15
nusapure review,0,1,0%,17
japanese raisin tree supplement,0,1,0%,18
flyby recovery pills,0,1,0%,19
nusa pure reviews,0,1,0%,19
no days wasted ingredients,0,1,0%,27
italian drinking culture,0,1,0%,28
is flyby safe,0,1,0%,29
dhm amazon,0,1,0%,30
dhm vitamin,0,1,0%,30
raisin tree extract,0,1,0%,31
dhm benefits,0,1,0%,32
purple tree vs cheers,0,1,0%,32
dhm hovenia dulcis,0,1,0%,34
n acetylcysteine asian flush,0,1,0%,41
when to take no days wasted,0,1,0%,42
no wasted days,0,1,0%,44
dhm anti hangover,0,1,0%,46
dhm depot dihydromyricetin,0,1,0%,46
dhm detox recovery blend,0,1,0%,46
nodays wasted,0,1,0%,46
drunk in italy,0,1,0%,47
nodayswasted,0,1,0%,47
taurine hangover,0,1,0%,47
dhm alcohol,0,1,0%,49
alcohol in italy,0,1,0%,50
is dihydromyricetin safe,0,1,0%,50
after party supplements,0,1,0%,53
what does dhm mean,0,1,0%,53
taurine for hangover,0,1,0%,54
dhm supplement benefits,0,1,0%,56
what is dhm,0,1,0%,56
dhm liver,0,1,0%,57
asian flush disease,0,1,0%,62
buy dhm,0,1,0%,63
antihistamine for asian flush,0,1,0%,64
zantac asian flush,0,1,0%,64
cheers reviews alcohol,0,1,0%,65
italy alcohol laws,0,1,0%,65
what do italians drink alcohol,0,1,0%,67
hangover pill shark tank,0,1,0%,70
asian glow prevention,0,1,0%,74
how long does hangovers last,0,1,0%,76
how long hangovers last,0,1,0%,76
how long hangover last,0,1,0%,77
the asian flush,0,1,0%,80
what does dhm do,0,1,0%,80
length of hangover,0,1,0%,81
cultural norms in italy,0,1,0%,84
hangover rehydration supplements market,0,1,0%,84
vine tea dhm,0,1,0%,85
how long should hangovers last,0,1,0%,86
italian cultural customs,0,1,0%,88
alcohol gut microbiome,0,1,0%,90
dhm dosage reddit,0,1,0%,90
asian and alcohol,0,1,0%,92
asain flush,0,1,0%,93
dihydromyricetin for sale,0,1,0%,93
how long should a hangover last,0,1,0%,93
alcohol and gut microbiome,0,1,0%,94
does alcohol kill probiotics,0,1,0%,95
how long will hangover last,0,1,0%,95
asian flush alcohol,0,1,0%,96
dihydromyricetin bulk,0,1,0%,96
asian flushing syndrome,0,1,0%,97
alcohol and microbiome,0,1,0%,99
dihydromyricetin pills,0,1,0%,99
how long should hangover last,0,1,0%,99
italian drinking,0,1,0%,99
alcohol and gut bacteria,0,1,0%,100
dhm for sale,0,1,0%,100
enzyme alcohol asian,0,1,0%,100
how does asian flush work,0,1,0%,100